-- MySQL dump 10.13  Distrib 8.0.28, for Linux (x86_64)
--
-- Host: localhost    Database: ivblanc
-- ------------------------------------------------------
-- Server version	8.0.28-0ubuntu0.20.04.3

/*!40101 SET @OLD_CHARACTER_SET_CLIENT=@@CHARACTER_SET_CLIENT */;
/*!40101 SET @OLD_CHARACTER_SET_RESULTS=@@CHARACTER_SET_RESULTS */;
/*!40101 SET @OLD_COLLATION_CONNECTION=@@COLLATION_CONNECTION */;
/*!50503 SET NAMES utf8mb4 */;
/*!40103 SET @OLD_TIME_ZONE=@@TIME_ZONE */;
/*!40103 SET TIME_ZONE='+00:00' */;
/*!40014 SET @OLD_UNIQUE_CHECKS=@@UNIQUE_CHECKS, UNIQUE_CHECKS=0 */;
/*!40014 SET @OLD_FOREIGN_KEY_CHECKS=@@FOREIGN_KEY_CHECKS, FOREIGN_KEY_CHECKS=0 */;
/*!40101 SET @OLD_SQL_MODE=@@SQL_MODE, SQL_MODE='NO_AUTO_VALUE_ON_ZERO' */;
/*!40111 SET @OLD_SQL_NOTES=@@SQL_NOTES, SQL_NOTES=0 */;

--
-- Table structure for table `clothes`
--

DROP TABLE IF EXISTS `clothes`;
/*!40101 SET @saved_cs_client     = @@character_set_client */;
/*!50503 SET character_set_client = utf8mb4 */;
CREATE TABLE `clothes` (
  `clothes_id` int unsigned NOT NULL AUTO_INCREMENT,
  `create_date` datetime NOT NULL,
  `update_date` datetime NOT NULL,
  `category` int DEFAULT NULL,
  `color` varchar(8) DEFAULT NULL,
  `count` int NOT NULL DEFAULT '0',
  `dislike_point` int NOT NULL DEFAULT '0',
  `favorite` int NOT NULL DEFAULT '0',
  `like_point` int NOT NULL DEFAULT '0',
  `material` int DEFAULT NULL,
  `season` int DEFAULT NULL,
  `size` int DEFAULT NULL,
  `url` varchar(2000) DEFAULT NULL,
  `user_id` int DEFAULT NULL,
  PRIMARY KEY (`clothes_id`)
) ENGINE=InnoDB AUTO_INCREMENT=266 DEFAULT CHARSET=utf8mb4 COLLATE=utf8mb4_0900_ai_ci;
/*!40101 SET character_set_client = @saved_cs_client */;

--
-- Dumping data for table `clothes`
--

LOCK TABLES `clothes` WRITE;
/*!40000 ALTER TABLE `clothes` DISABLE KEYS */;
INSERT INTO `clothes` VALUES (2,'2022-02-03 05:38:38','2022-02-03 05:38:38',1,'#F6D766',0,0,0,0,1,2,100,'https://storage.googleapis.com/iv-blanc.appspot.com/d5ab8f70-e0e8-452c-a21f-575d1381c884.jpeg',2),(3,'2022-02-03 05:40:31','2022-02-03 05:40:31',1,'#F6D766',0,0,0,0,1,2,100,'https://storage.googleapis.com/iv-blanc.appspot.com/40bd061b-4ee9-4bf2-98ec-a6e8e0dbec15.png',2),(4,'2022-02-03 05:54:02','2022-02-03 05:54:02',1,'#F6D766',0,0,0,0,1,1,100,'https://storage.googleapis.com/iv-blanc.appspot.com/df9db3ee-84c2-11ec-b7ac-1b30477e6c72.png',2),(7,'2022-02-03 06:58:14','2022-02-14 23:00:04',1,'#F6D766',0,0,1,0,1,1,100,'https://storage.googleapis.com/iv-blanc.appspot.com/cc45c9f4-7a7e-4420-a86e-85103eda7585.jpeg',5),(8,'2022-02-03 07:10:59','2022-02-14 23:04:19',1,'#F6D766',0,0,1,0,1,1,100,'https://storage.googleapis.com/iv-blanc.appspot.com/00e3e841-0ec1-4261-909a-52ff448af69a.jpeg',5),(9,'2022-02-03 07:30:12','2022-02-03 07:30:12',1,'#F6D766',0,0,0,0,1,1,100,'https://storage.googleapis.com/iv-blanc.appspot.com/f3ecc03b-518a-4541-8884-e90f8947e65d.jpeg',5),(10,'2022-02-03 07:44:56','2022-02-03 07:44:56',1,'#F6D766',0,0,0,0,1,1,100,'https://storage.googleapis.com/iv-blanc.appspot.com/203ba91e-491f-4f3f-8f5c-a0485a6a74f8.jpeg',5),(11,'2022-02-03 07:46:55','2022-02-03 07:46:55',1,'#F6D766',0,0,0,0,1,1,100,'https://storage.googleapis.com/iv-blanc.appspot.com/2989e0ef-63e4-40ab-a85f-349201202846.jpeg',5),(12,'2022-02-03 07:50:58','2022-02-03 07:50:58',1,'#F6D766',0,0,0,0,1,1,100,'https://storage.googleapis.com/iv-blanc.appspot.com/cfb9dafc-22eb-440d-9991-0717516f3493.jpeg',5),(13,'2022-02-03 07:54:46','2022-02-03 07:54:46',1,'#F6D766',0,0,0,0,1,1,100,'https://storage.googleapis.com/iv-blanc.appspot.com/a9c4e643-7673-4b7a-b2ee-168731a348cb.jpeg',5),(14,'2022-02-03 08:01:57','2022-02-03 08:01:57',1,'#F6D766',0,0,0,0,1,1,100,'https://storage.googleapis.com/iv-blanc.appspot.com/899df4fd-4d11-4dde-92b9-cbda8df01e2b.jpeg',5),(15,'2022-02-03 08:09:00','2022-02-03 08:09:00',1,'#F6D766',0,0,0,0,1,1,100,'https://storage.googleapis.com/iv-blanc.appspot.com/3e985e9c-f8c3-4654-a896-1f6e99e00170.jpeg',5),(16,'2022-02-03 08:10:41','2022-02-03 08:10:41',1,'#F6D766',0,0,0,0,1,1,100,'https://storage.googleapis.com/iv-blanc.appspot.com/2fc981a8-a15c-45c3-a10c-ca8f033561eb.jpeg',5),(17,'2022-02-03 08:18:28','2022-02-03 08:18:28',1,'#F6D766',0,0,0,0,1,1,100,'https://storage.googleapis.com/iv-blanc.appspot.com/3496a33f-f6e0-4b2e-95cc-07b27bbddf13.jpeg',5),(18,'2022-02-03 08:20:33','2022-02-03 08:20:33',1,'#F6D766',0,0,0,0,1,1,100,'https://storage.googleapis.com/iv-blanc.appspot.com/902207ed-08b2-4448-aa00-725404f2224a.jpeg',5),(19,'2022-02-03 08:26:47','2022-02-03 08:26:47',1,'#F6D766',0,0,0,0,1,1,100,'https://storage.googleapis.com/iv-blanc.appspot.com/2c4bbc9c-a769-4162-a145-5067319ed6ca.jpeg',5),(20,'2022-02-03 08:29:38','2022-02-03 08:29:38',1,'#F6D766',0,0,0,0,1,1,100,'https://storage.googleapis.com/iv-blanc.appspot.com/1ecfa033-9bec-450e-b77c-ee41e71546a1.jpeg',5),(21,'2022-02-03 08:29:56','2022-02-03 08:29:56',1,'#F6D766',0,0,0,0,1,1,100,'https://storage.googleapis.com/iv-blanc.appspot.com/6a1fcd5c-7346-43ee-8a69-b774b9f1cba4.jpeg',5),(22,'2022-02-03 08:30:34','2022-02-03 08:30:34',1,'#F6D766',0,0,0,0,1,1,100,'https://storage.googleapis.com/iv-blanc.appspot.com/12a27622-a27b-4806-b007-2c10b75b3802.jpeg',5),(23,'2022-02-03 08:31:48','2022-02-03 08:31:48',1,'#F6D766',0,0,0,0,1,1,100,'https://storage.googleapis.com/iv-blanc.appspot.com/4396427f-45f2-44f1-add8-617cc16c8316.png',5),(24,'2022-02-03 08:31:58','2022-02-03 08:31:58',1,'#F6D766',0,0,0,0,1,1,100,'https://storage.googleapis.com/iv-blanc.appspot.com/db09b8f1-1266-4d41-a0c3-867e24610320.png',5),(25,'2022-02-03 08:34:14','2022-02-03 08:34:14',1,'#F6D766',0,0,0,0,1,1,100,'https://storage.googleapis.com/iv-blanc.appspot.com/43edfac2-f6b2-4fcb-bd11-2ed0805ccc4d.png',5),(26,'2022-02-03 08:39:46','2022-02-03 08:39:46',1,'#F6D766',0,0,0,0,1,1,100,'https://storage.googleapis.com/iv-blanc.appspot.com/2da72dba-dfa4-456a-b07d-3ef58256b411.png',5),(27,'2022-02-03 08:40:05','2022-02-03 08:40:05',1,'#F6D766',0,0,0,0,1,1,100,'https://storage.googleapis.com/iv-blanc.appspot.com/d3577019-b42c-4881-bdf3-c35194db40f4.png',5),(28,'2022-02-03 08:48:42','2022-02-03 08:48:42',1,'#F6D766',0,0,0,0,1,1,100,'https://storage.googleapis.com/iv-blanc.appspot.com/003f943b-8d14-45e6-a7a2-5ce075d42f58.png',5),(33,'2022-02-05 02:12:38','2022-02-05 02:12:38',1,'#F6D766',0,0,0,0,1,1,100,'https://storage.googleapis.com/iv-blanc.appspot.com/18bf26ba-1975-4295-96d6-84d4fdf0fee7.png',5),(34,'2022-02-05 14:51:30','2022-02-05 14:51:30',1,'#F6D766',0,0,0,0,1,1,100,'https://storage.googleapis.com/iv-blanc.appspot.com/4d410152-9506-4ba3-846e-9bcf1c1799af.png',5),(35,'2022-02-05 14:52:28','2022-02-05 14:52:28',1,'#F6D766',0,0,0,0,1,1,100,'https://storage.googleapis.com/iv-blanc.appspot.com/97c9618f-233b-4ecc-9c73-3a89b93ddf24.png',5),(36,'2022-02-05 16:20:56','2022-02-05 16:20:56',1,'#F6D766',0,0,0,0,1,1,100,'https://storage.googleapis.com/iv-blanc.appspot.com/aca21be8-c56f-472b-9386-d5c9e0232241.png',5),(46,'2022-02-06 22:05:21','2022-02-06 22:05:21',1,'#F6D766',0,0,0,0,1,1,100,'https://storage.googleapis.com/iv-blanc.appspot.com/cc519475-86e6-47f3-a1ed-6be756ca850b.png',5),(50,'2022-02-07 10:15:21','2022-02-16 18:07:14',1,'#F6D766',0,0,0,0,1,1,100,'https://storage.googleapis.com/iv-blanc.appspot.com/f19770a5-e1e9-454d-97da-71a50b2cff60.jpeg',8),(62,'2022-02-08 15:51:09','2022-02-08 15:51:09',21,'#000000',0,0,0,0,1,3,100,'https://storage.googleapis.com/iv-blanc.appspot.com/b8c70839-8ded-4dd8-b198-e5044ebbfe32.jfif',1),(73,'2022-02-08 21:49:24','2022-02-08 21:49:24',10,'#ABAEB6',0,0,0,0,1,2,95,'https://storage.googleapis.com/iv-blanc.appspot.com/45e3779f-5878-4106-a422-ab4719acf55d.jfif',1),(97,'2022-02-09 15:12:27','2022-02-16 10:39:41',60,'#000000',0,0,1,0,1,2,32,'https://storage.googleapis.com/iv-blanc.appspot.com/410362ae-896f-11ec-b7ac-1b30477e6c72.png',4),(98,'2022-02-09 15:15:08','2022-02-16 08:59:29',11,'#F6EFDF',0,0,1,0,1,1,100,'https://storage.googleapis.com/iv-blanc.appspot.com/a0f49bc4-896f-11ec-b7ac-1b30477e6c72.png',4),(103,'2022-02-09 10:14:34','2022-02-16 02:54:57',20,'#27476F',0,0,1,0,8,3,32,'https://storage.googleapis.com/iv-blanc.appspot.com/13e9c3e0-8991-11ec-b7ac-1b30477e6c72.png',1),(104,'2022-02-09 10:19:17','2022-02-09 10:19:17',10,'#C14D49',0,0,0,0,1,2,100,'https://storage.googleapis.com/iv-blanc.appspot.com/bc7806a2-8991-11ec-b7ac-1b30477e6c72.png',1),(105,'2022-02-09 19:23:14','2022-02-16 10:57:31',41,'#000000',0,0,0,0,9,2,280,'https://storage.googleapis.com/iv-blanc.appspot.com/4a1a7788-8992-11ec-b7ac-1b30477e6c72.png',1),(106,'2022-02-09 19:23:44','2022-02-09 19:23:44',60,'#000000',0,0,0,0,4,4,34,'https://storage.googleapis.com/iv-blanc.appspot.com/5bbeabf8-8992-11ec-b7ac-1b30477e6c72.png',1),(107,'2022-02-09 19:24:20','2022-02-09 19:24:20',11,'#CDDEEC',0,0,0,0,8,3,105,'https://storage.googleapis.com/iv-blanc.appspot.com/710a3658-8992-11ec-b7ac-1b30477e6c72.png',1),(108,'2022-02-09 19:24:43','2022-02-09 19:24:43',20,'#9C7E3A',0,0,0,0,8,3,33,'https://storage.googleapis.com/iv-blanc.appspot.com/7f0f5e4a-8992-11ec-b7ac-1b30477e6c72.png',1),(109,'2022-02-09 19:28:16','2022-02-16 10:57:56',51,'#27476F',0,0,1,0,9,2,33,'https://storage.googleapis.com/iv-blanc.appspot.com/fde3b66c-8992-11ec-b7ac-1b30477e6c72.png',1),(110,'2022-02-09 19:28:46','2022-02-09 19:28:46',31,'#000000',0,0,0,0,8,3,105,'https://storage.googleapis.com/iv-blanc.appspot.com/101b3404-8993-11ec-b7ac-1b30477e6c72.png',1),(111,'2022-02-09 19:30:45','2022-02-16 10:50:34',70,'#5E4B48',0,0,1,0,15,2,22,'https://storage.googleapis.com/iv-blanc.appspot.com/56d14d3e-8993-11ec-b7ac-1b30477e6c72.png',1),(112,'2022-02-09 20:20:04','2022-02-09 20:20:04',70,'#F6D766',0,0,0,0,15,3,11,'https://storage.googleapis.com/iv-blanc.appspot.com/3a5a368c-899a-11ec-b7ac-1b30477e6c72.png',1),(118,'2022-02-10 16:49:54','2022-02-10 16:49:54',11,'#CDDEEC',0,0,0,0,8,2,100,'https://storage.googleapis.com/iv-blanc.appspot.com/08e6ad9a-8a46-11ec-aeeb-3f19f596a08d.png',1),(119,'2022-02-11 13:19:06','2022-02-11 13:19:06',50,'#F6D766',0,0,0,0,10,2,11,'https://storage.googleapis.com/iv-blanc.appspot.com/c05259ce-8af1-11ec-aeeb-3f19f596a08d.png',1),(120,'2022-02-11 13:21:19','2022-02-11 13:21:19',50,'#F6D766',0,0,0,0,1,1,11,'https://storage.googleapis.com/iv-blanc.appspot.com/0fe28978-8af2-11ec-aeeb-3f19f596a08d.png',3),(121,'2022-02-11 13:21:53','2022-02-16 07:24:18',11,'#000000',0,0,1,0,4,4,90,'https://storage.googleapis.com/iv-blanc.appspot.com/23ed86de-8af2-11ec-aeeb-3f19f596a08d.png',3),(122,'2022-02-11 13:22:20','2022-02-11 13:22:20',60,'#000000',0,0,0,0,3,1,22,'https://storage.googleapis.com/iv-blanc.appspot.com/33c78cbc-8af2-11ec-aeeb-3f19f596a08d.png',3),(123,'2022-02-11 13:22:48','2022-02-11 13:22:48',21,'#F6EFDF',0,0,0,0,1,3,28,'https://storage.googleapis.com/iv-blanc.appspot.com/44e82182-8af2-11ec-aeeb-3f19f596a08d.png',3),(124,'2022-02-11 13:23:10','2022-02-11 13:23:10',41,'#FFFFFF',0,0,0,0,7,3,250,'https://storage.googleapis.com/iv-blanc.appspot.com/51c3dd38-8af2-11ec-aeeb-3f19f596a08d.png',3),(125,'2022-02-11 13:23:36','2022-02-11 13:23:36',32,'#ABAEB6',0,0,0,0,6,4,100,'https://storage.googleapis.com/iv-blanc.appspot.com/616cfeae-8af2-11ec-aeeb-3f19f596a08d.png',3),(129,'2022-02-11 15:44:49','2022-02-16 20:02:34',17,'#27476F',0,0,0,0,3,1,100,'https://storage.googleapis.com/iv-blanc.appspot.com/1ba0fd3a-8b06-11ec-aeeb-3f19f596a08d.png',4),(131,'2022-02-11 17:12:13','2022-02-16 10:58:59',60,'#C14D49',0,0,0,0,1,2,95,'https://storage.googleapis.com/iv-blanc.appspot.com/50fb8c28-8b12-11ec-aeeb-3f19f596a08d.png',1),(134,'2022-02-11 17:35:25','2022-02-11 17:35:25',60,'#C14D49',0,0,0,0,1,1,95,'https://storage.googleapis.com/iv-blanc.appspot.com/8f0a16da-8b15-11ec-aeeb-3f19f596a08d.png',1),(139,'2022-02-14 22:57:30','2022-02-14 22:57:30',50,'#F6D766',0,0,0,0,1,2,25,'https://storage.googleapis.com/iv-blanc.appspot.com/2ef5dc66-acee-474e-84ff-bfd0f0dc9c0b.jpg',5),(140,'2022-02-15 13:43:20','2022-02-15 13:43:20',11,'#C14D49',0,0,0,0,1,1,95,'https://storage.googleapis.com/iv-blanc.appspot.com/33d30822-88ae-4537-a25e-5e79cffa80c3.png',20),(141,'2022-02-15 13:43:26','2022-02-15 13:43:26',11,'#C14D49',0,0,0,0,1,1,95,'https://storage.googleapis.com/iv-blanc.appspot.com/d60e53f3-9601-454b-9116-500791302c8b.png',20),(142,'2022-02-15 13:54:04','2022-02-15 13:54:04',21,'#C14D49',0,0,0,0,1,1,95,'https://storage.googleapis.com/iv-blanc.appspot.com/8fa57677-7814-4d78-b9e3-4e1e8d9658e3.png',17),(143,'2022-02-15 13:55:04','2022-02-15 13:55:04',11,'#000000',0,0,0,0,1,1,95,'https://storage.googleapis.com/iv-blanc.appspot.com/8f36fba9-e9eb-4279-b75e-5e8389ad40ae.jpg',17),(144,'2022-02-15 13:55:29','2022-02-15 13:55:29',21,'#C14D49',0,0,0,0,1,1,95,'https://storage.googleapis.com/iv-blanc.appspot.com/16542a8f-2da6-4041-a26b-f007a504d9c6.jfif',17),(145,'2022-02-15 13:57:00','2022-02-15 13:57:00',11,'#000000',0,0,0,0,1,1,95,'https://storage.googleapis.com/iv-blanc.appspot.com/def2f674-427b-454d-bb7c-c7d4fb145b47.jpg',17),(146,'2022-02-15 13:57:20','2022-02-15 13:57:20',11,'#000000',0,0,0,0,1,1,95,'https://storage.googleapis.com/iv-blanc.appspot.com/6f040a7e-f1f9-4144-ae3c-2b5e69eef4e2.jpg',1),(155,'2022-02-16 10:34:16','2022-02-16 10:44:14',10,'#000000',0,0,1,0,1,2,100,'https://storage.googleapis.com/iv-blanc.appspot.com/37b10ce4-21ee-4db3-b30c-e2b3b0c8b2ee.jpeg',1),(167,'2022-02-16 14:13:30','2022-02-16 14:13:30',70,'#F6D766',0,0,0,0,15,1,11,'https://storage.googleapis.com/iv-blanc.appspot.com/2dd4022e-8ee7-11ec-aeeb-3f19f596a08d.png',1),(168,'2022-02-16 14:15:02','2022-02-16 18:38:00',11,'#CDDEEC',0,0,0,0,1,1,105,'https://storage.googleapis.com/iv-blanc.appspot.com/64a4e12e-8ee7-11ec-aeeb-3f19f596a08d.png',1),(172,'2022-02-16 07:02:33','2022-02-16 07:02:33',32,'#ABAEB6',0,0,0,0,3,4,110,'https://storage.googleapis.com/iv-blanc.appspot.com/6a0a2e58-8ef6-11ec-aeeb-3f19f596a08d.png',1),(174,'2022-02-16 17:15:54','2022-02-16 17:15:54',11,'#000000',0,0,0,0,1,3,100,'https://storage.googleapis.com/iv-blanc.appspot.com/a4e69780-bf70-4cf9-8fca-be5546616e1b.jpg',28),(175,'2022-02-16 17:16:34','2022-02-16 17:16:34',60,'#000000',0,0,0,0,2,2,11,'https://storage.googleapis.com/iv-blanc.appspot.com/9a872f1b-7ca5-464a-aabc-78209afffc73.jpg',28),(176,'2022-02-16 08:28:54','2022-02-16 18:38:05',60,'#C14D49',0,0,0,0,1,1,1,'https://storage.googleapis.com/iv-blanc.appspot.com/79f7d890-8f02-11ec-aeeb-3f19f596a08d.png',10),(177,'2022-02-16 08:43:05','2022-02-16 08:43:05',12,'#F6EFDF',0,0,0,0,4,4,105,'https://storage.googleapis.com/iv-blanc.appspot.com/7562a8ee-8f04-11ec-aeeb-3f19f596a08d.png',30),(178,'2022-02-16 08:43:45','2022-02-16 08:43:45',31,'#000000',0,0,0,0,10,4,105,'https://storage.googleapis.com/iv-blanc.appspot.com/8d23bab8-8f04-11ec-aeeb-3f19f596a08d.png',30),(179,'2022-02-16 08:44:25','2022-02-16 08:44:25',12,'#000000',0,0,0,0,1,3,110,'https://storage.googleapis.com/iv-blanc.appspot.com/a52c265e-8f04-11ec-aeeb-3f19f596a08d.png',30),(180,'2022-02-16 08:45:02','2022-02-16 08:45:02',12,'#F6EFDF',0,0,0,0,1,3,110,'https://storage.googleapis.com/iv-blanc.appspot.com/badf14f2-8f04-11ec-aeeb-3f19f596a08d.png',30),(181,'2022-02-16 08:46:38','2022-02-16 08:46:38',21,'#000000',0,0,0,0,1,3,33,'https://storage.googleapis.com/iv-blanc.appspot.com/f3ef7d72-8f04-11ec-aeeb-3f19f596a08d.png',30),(182,'2022-02-16 08:47:14','2022-02-16 08:47:14',41,'#000000',0,0,0,0,9,3,280,'https://storage.googleapis.com/iv-blanc.appspot.com/09b02bf2-8f05-11ec-aeeb-3f19f596a08d.png',30),(183,'2022-02-16 08:48:42','2022-02-16 08:48:42',60,'#000000',0,0,0,0,4,4,57,'https://storage.googleapis.com/iv-blanc.appspot.com/3de44688-8f05-11ec-aeeb-3f19f596a08d.png',30),(184,'2022-02-16 08:49:21','2022-02-16 08:49:21',11,'#CDDEEC',0,0,0,0,8,3,105,'https://storage.googleapis.com/iv-blanc.appspot.com/551d617c-8f05-11ec-aeeb-3f19f596a08d.png',30),(185,'2022-02-16 08:50:20','2022-02-16 08:50:20',52,'#CDDEEC',0,0,0,0,7,2,1,'https://storage.googleapis.com/iv-blanc.appspot.com/787899f2-8f05-11ec-aeeb-3f19f596a08d.png',30),(186,'2022-02-16 08:51:30','2022-02-16 08:51:30',20,'#000000',0,0,0,0,8,3,33,'https://storage.googleapis.com/iv-blanc.appspot.com/a2600836-8f05-11ec-aeeb-3f19f596a08d.png',30),(187,'2022-02-16 08:52:00','2022-02-16 20:02:31',10,'#CDDEEC',0,0,1,0,1,1,150,'https://storage.googleapis.com/iv-blanc.appspot.com/b43fa4da-8f05-11ec-aeeb-3f19f596a08d.png',4),(188,'2022-02-16 21:17:57','2022-02-17 10:31:21',20,'#000000',0,0,0,0,8,1,32,'https://storage.googleapis.com/iv-blanc.appspot.com/79733a34-8f22-11ec-aeeb-3f19f596a08d.png',31),(189,'2022-02-16 21:50:10','2022-02-16 21:50:10',10,'#CDDEEC',0,0,0,0,1,1,100,'https://storage.googleapis.com/iv-blanc.appspot.com/f947fcd2-8f26-11ec-aeeb-3f19f596a08d.png',32),(190,'2022-02-16 21:50:41','2022-02-16 21:50:41',13,'#ABAEB6',0,0,0,0,1,1,100,'https://storage.googleapis.com/iv-blanc.appspot.com/0bfb2994-8f27-11ec-aeeb-3f19f596a08d.png',32),(191,'2022-02-16 21:51:04','2022-02-16 21:51:04',11,'#F6EFDF',0,0,0,0,1,3,100,'https://storage.googleapis.com/iv-blanc.appspot.com/19fd92b6-8f27-11ec-aeeb-3f19f596a08d.png',32),(192,'2022-02-16 21:51:32','2022-02-16 21:51:32',21,'#9C7E3A',0,0,0,0,1,1,32,'https://storage.googleapis.com/iv-blanc.appspot.com/2a2ab484-8f27-11ec-aeeb-3f19f596a08d.png',32),(193,'2022-02-16 21:51:56','2022-02-16 21:51:56',20,'#27476F',0,0,0,0,8,1,32,'https://storage.googleapis.com/iv-blanc.appspot.com/387c5f06-8f27-11ec-aeeb-3f19f596a08d.png',32),(194,'2022-02-16 21:52:17','2022-02-16 21:52:17',20,'#000000',0,0,0,0,8,1,32,'https://storage.googleapis.com/iv-blanc.appspot.com/45318028-8f27-11ec-aeeb-3f19f596a08d.png',32),(197,'2022-02-16 22:10:42','2022-02-16 22:10:42',60,'#000000',0,0,0,0,1,2,50,'https://storage.googleapis.com/iv-blanc.appspot.com/d81e7b32-8f29-11ec-aeeb-3f19f596a08d.png',31),(198,'2022-02-16 22:11:21','2022-02-17 13:29:36',35,'#F6EFDF',0,0,0,0,3,3,100,'https://storage.googleapis.com/iv-blanc.appspot.com/ef59a592-8f29-11ec-aeeb-3f19f596a08d.png',31),(199,'2022-02-16 22:12:46','2022-02-17 13:29:48',21,'#000000',0,0,1,0,1,1,32,'https://storage.googleapis.com/iv-blanc.appspot.com/21f3714a-8f2a-11ec-aeeb-3f19f596a08d.png',31),(200,'2022-02-16 22:13:49','2022-02-17 13:29:45',21,'#27476F',0,0,1,0,1,1,32,'https://storage.googleapis.com/iv-blanc.appspot.com/474d1f22-8f2a-11ec-aeeb-3f19f596a08d.png',31),(202,'2022-02-16 22:16:09','2022-02-16 22:16:09',10,'#ABAEB6',0,0,0,0,1,2,100,'https://storage.googleapis.com/iv-blanc.appspot.com/9aa091cc-8f2a-11ec-aeeb-3f19f596a08d.png',31),(203,'2022-02-16 22:16:36','2022-02-16 22:16:36',10,'#27476F',0,0,0,0,1,2,100,'https://storage.googleapis.com/iv-blanc.appspot.com/aaa9cbce-8f2a-11ec-aeeb-3f19f596a08d.png',31),(211,'2022-02-16 22:26:37','2022-02-16 22:26:37',12,'#000000',0,0,0,0,10,3,20,'https://storage.googleapis.com/iv-blanc.appspot.com/11445470-8f2c-11ec-aeeb-3f19f596a08d.png',1),(212,'2022-02-16 22:27:20','2022-02-16 22:27:20',15,'#9C7E3A',0,0,0,0,8,1,2,'https://storage.googleapis.com/iv-blanc.appspot.com/2a917566-8f2c-11ec-aeeb-3f19f596a08d.png',1),(213,'2022-02-16 22:35:06','2022-02-16 22:35:06',16,'#27476F',0,0,0,0,2,2,1,'https://storage.googleapis.com/iv-blanc.appspot.com/40bf07a8-8f2d-11ec-aeeb-3f19f596a08d.png',32),(215,'2022-02-16 22:36:14','2022-02-16 22:36:14',14,'#C14D49',0,0,0,0,11,1,10,'https://storage.googleapis.com/iv-blanc.appspot.com/6921a502-8f2d-11ec-aeeb-3f19f596a08d.png',32),(216,'2022-02-16 22:36:33','2022-02-16 22:36:33',10,'#C14D49',0,0,0,0,1,2,0,'https://storage.googleapis.com/iv-blanc.appspot.com/741e27a0-8f2d-11ec-aeeb-3f19f596a08d.png',32),(217,'2022-02-16 22:36:49','2022-02-16 22:36:49',21,'#27476F',0,0,0,0,1,1,0,'https://storage.googleapis.com/iv-blanc.appspot.com/7dba98f2-8f2d-11ec-aeeb-3f19f596a08d.png',32),(218,'2022-02-16 22:37:13','2022-02-16 22:37:13',31,'#9C7E3A',0,0,0,0,10,3,100,'https://storage.googleapis.com/iv-blanc.appspot.com/8c71e116-8f2d-11ec-aeeb-3f19f596a08d.png',32),(219,'2022-02-16 22:37:36','2022-02-17 01:49:50',31,'#000000',0,0,1,0,9,3,100,'https://storage.googleapis.com/iv-blanc.appspot.com/99f78fac-8f2d-11ec-aeeb-3f19f596a08d.png',32),(220,'2022-02-16 22:38:07','2022-02-16 22:38:07',60,'#000000',0,0,0,0,1,1,0,'https://storage.googleapis.com/iv-blanc.appspot.com/ac419d4c-8f2d-11ec-aeeb-3f19f596a08d.png',32),(221,'2022-02-16 22:38:39','2022-02-16 22:38:39',54,'#000000',0,0,0,0,1,1,0,'https://storage.googleapis.com/iv-blanc.appspot.com/bfc622d4-8f2d-11ec-aeeb-3f19f596a08d.png',32),(222,'2022-02-16 22:57:02','2022-02-16 22:57:02',10,'#000000',0,0,0,0,1,2,95,'https://storage.googleapis.com/iv-blanc.appspot.com/50f82a0c-8f30-11ec-aeeb-3f19f596a08d.png',5),(223,'2022-02-16 22:57:56','2022-02-16 22:57:56',11,'#000000',0,0,0,0,6,3,100,'https://storage.googleapis.com/iv-blanc.appspot.com/71580ace-8f30-11ec-aeeb-3f19f596a08d.png',5),(224,'2022-02-16 14:38:47','2022-02-16 14:38:47',41,'variety',0,0,0,0,1,1,260,'https://storage.googleapis.com/iv-blanc.appspot.com/2655fe40-8f36-11ec-aeeb-3f19f596a08d.png',32),(225,'2022-02-16 14:39:32','2022-02-16 14:39:32',14,'etc',0,0,0,0,1,1,5,'https://storage.googleapis.com/iv-blanc.appspot.com/4111d434-8f36-11ec-aeeb-3f19f596a08d.png',32),(228,'2022-02-17 00:19:40','2022-02-17 00:19:40',11,'#CDDEEC',0,0,0,0,1,3,0,'https://storage.googleapis.com/iv-blanc.appspot.com/dc2ba71a-8f3b-11ec-aeeb-3f19f596a08d.png',31),(229,'2022-02-17 00:24:32','2022-02-17 00:24:32',22,'#F6EFDF',0,0,0,0,1,2,32,'https://storage.googleapis.com/iv-blanc.appspot.com/8a702026-8f3c-11ec-aeeb-3f19f596a08d.png',31),(230,'2022-02-17 00:29:32','2022-02-17 00:29:32',13,'#35774D',0,0,0,0,1,1,100,'https://storage.googleapis.com/iv-blanc.appspot.com/3d482586-8f3d-11ec-aeeb-3f19f596a08d.png',31),(231,'2022-02-17 00:34:14','2022-02-17 00:34:14',13,'etc',0,0,0,0,1,1,100,'https://storage.googleapis.com/iv-blanc.appspot.com/e4f2a11c-8f3d-11ec-aeeb-3f19f596a08d.png',31),(233,'2022-02-17 01:39:27','2022-02-17 01:39:27',10,'#ABAEB6',0,0,0,0,3,2,100,'https://storage.googleapis.com/iv-blanc.appspot.com/719dc4bc-8f92-11ec-aeeb-3f19f596a08d.png',31),(234,'2022-02-17 01:44:08','2022-02-17 01:44:08',10,'#ABAEB6',0,0,0,0,1,2,100,'https://storage.googleapis.com/iv-blanc.appspot.com/18e0cb0c-8f93-11ec-aeeb-3f19f596a08d.png',31),(238,'2022-02-17 14:43:57','2022-02-17 14:43:57',12,'#CDDEEC',0,0,0,0,1,3,105,'https://storage.googleapis.com/iv-blanc.appspot.com/9975a87a-8fb4-11ec-aeeb-3f19f596a08d.png',30),(240,'2022-02-17 14:47:37','2022-02-17 14:47:37',70,'#F6D766',0,0,0,0,15,3,0,'https://storage.googleapis.com/iv-blanc.appspot.com/1c47d462-8fb5-11ec-aeeb-3f19f596a08d.png',30),(254,'2022-02-17 22:47:24','2022-02-17 22:47:24',12,'#27476F',0,0,0,0,6,3,105,'https://storage.googleapis.com/iv-blanc.appspot.com/22e4119e-8ff8-11ec-aeeb-3f19f596a08d.png',32),(255,'2022-02-17 23:11:35','2022-02-17 23:11:35',11,'#27476F',0,0,0,0,6,3,105,'https://storage.googleapis.com/iv-blanc.appspot.com/83a18cde-8ffb-11ec-aeeb-3f19f596a08d.png',5),(256,'2022-02-17 23:16:27','2022-02-17 23:16:27',33,'#CDDEEC',0,0,0,0,2,2,23,'https://storage.googleapis.com/iv-blanc.appspot.com/31c6cfb8-8ffc-11ec-aeeb-3f19f596a08d.png',5),(257,'2022-02-17 23:18:56','2022-02-17 23:18:56',21,'#C14D49',0,0,0,0,11,1,23,'https://storage.googleapis.com/iv-blanc.appspot.com/8abc2370-8ffc-11ec-aeeb-3f19f596a08d.png',5),(261,'2022-02-17 23:28:12','2022-02-17 23:28:12',15,'#F6EFDF',0,0,0,0,3,2,90,'https://storage.googleapis.com/iv-blanc.appspot.com/d62d707e-8ffd-11ec-aeeb-3f19f596a08d.png',5),(262,'2022-02-17 23:35:51','2022-02-17 23:35:51',13,'#F6EFDF',0,0,0,0,13,3,12,'https://storage.googleapis.com/iv-blanc.appspot.com/e7c5de88-8ffe-11ec-aeeb-3f19f596a08d.png',5),(263,'2022-02-17 23:37:33','2022-02-17 23:37:33',15,'#CDDEEC',0,0,0,0,9,3,35,'https://storage.googleapis.com/iv-blanc.appspot.com/24482bfe-8fff-11ec-aeeb-3f19f596a08d.png',5),(264,'2022-02-17 23:44:17','2022-02-17 23:44:17',11,'#F6EFDF',0,0,0,0,5,3,55,'https://storage.googleapis.com/iv-blanc.appspot.com/1542d02c-9000-11ec-aeeb-3f19f596a08d.png',5),(265,'2022-02-17 23:50:45','2022-02-17 23:50:45',13,'#000000',0,0,0,0,5,2,90,'https://storage.googleapis.com/iv-blanc.appspot.com/fc675f54-9000-11ec-aeeb-3f19f596a08d.png',5);
/*!40000 ALTER TABLE `clothes` ENABLE KEYS */;
UNLOCK TABLES;

--
-- Table structure for table `friend`
--

DROP TABLE IF EXISTS `friend`;
/*!40101 SET @saved_cs_client     = @@character_set_client */;
/*!50503 SET character_set_client = utf8mb4 */;
CREATE TABLE `friend` (
  `friend_id` int unsigned NOT NULL AUTO_INCREMENT,
  `applicant` varchar(255) DEFAULT NULL,
  `friend_name` varchar(255) DEFAULT NULL,
  `isaccept` varchar(1) NOT NULL DEFAULT 'N',
  PRIMARY KEY (`friend_id`)
) ENGINE=InnoDB AUTO_INCREMENT=98 DEFAULT CHARSET=utf8mb4 COLLATE=utf8mb4_0900_ai_ci;
/*!40101 SET character_set_client = @saved_cs_client */;

--
-- Dumping data for table `friend`
--

LOCK TABLES `friend` WRITE;
/*!40000 ALTER TABLE `friend` DISABLE KEYS */;
INSERT INTO `friend` VALUES (4,'a@a.com','b@a.com','Y'),(5,'b@a.com','a@a.com','Y'),(6,'user@email.com','friend@email.com','N'),(12,'qweqw@sdfsdf.com','vsdv@vsdv.com','N'),(16,'abc@naver.com','aaa@bbb.com','Y'),(17,'ssu@a.com','a@a.com','Y'),(18,'ssu@a.com','b@a.com','Y'),(19,'a@a.com','ssu@a.com','Y'),(20,'b@a.com','ssu@a.com','Y'),(21,'aaa@bbb.com','abc@naver.com','Y'),(22,'ssu@a.com','test@a.com','Y'),(23,'test@a.com','ssu@a.com','Y'),(24,'ssu@a.com','aaa@a.com','Y'),(25,'aaa@a.com','ssu@a.com','Y'),(42,'a@a.com','aaa@a.com','Y'),(43,'aaa@a.com','a@a.com','Y'),(52,'aaaa@a.com','aaa@a.com','Y'),(53,'aaa@a.com','aaaa@a.com','Y'),(54,'aaa@bbb.com','b@a.com','Y'),(55,'b@a.com','aaa@bbb.com','Y'),(58,'q@q.com','b@a.com','Y'),(59,'b@a.com','q@q.com','Y'),(60,'user@email.com','a@email.com','N'),(61,'a@email.com','friend@email.com','N'),(63,'kkk@k.com','mmm@m.com','Y'),(64,'mmm@m.com','kkk@k.com','Y'),(67,'mmm@m.com','b@a.com','Y'),(68,'b@a.com','mmm@m.com','Y'),(69,'kkk@k.com','b@a.com','Y'),(70,'b@a.com','k12zo@naver.com','N'),(71,'b@a.com','kkk@k.com','Y'),(72,'aaa@bbb.com','mmm@m.com','Y'),(73,'mmm@m.com','aaa@bbb.com','Y'),(75,'ddd@d.com','w@w.com','Y'),(76,'w@w.com','ddd@d.com','Y'),(77,'w@w.com','aaa@a.com','Y'),(78,'aaa@a.com','w@w.com','Y');
/*!40000 ALTER TABLE `friend` ENABLE KEYS */;
UNLOCK TABLES;

--
-- Table structure for table `hibernate_sequence`
--

DROP TABLE IF EXISTS `hibernate_sequence`;
/*!40101 SET @saved_cs_client     = @@character_set_client */;
/*!50503 SET character_set_client = utf8mb4 */;
CREATE TABLE `hibernate_sequence` (
  `next_val` bigint DEFAULT NULL
) ENGINE=InnoDB DEFAULT CHARSET=utf8mb4 COLLATE=utf8mb4_0900_ai_ci;
/*!40101 SET character_set_client = @saved_cs_client */;

--
-- Dumping data for table `hibernate_sequence`
--

LOCK TABLES `hibernate_sequence` WRITE;
/*!40000 ALTER TABLE `hibernate_sequence` DISABLE KEYS */;
INSERT INTO `hibernate_sequence` VALUES (366);
/*!40000 ALTER TABLE `hibernate_sequence` ENABLE KEYS */;
UNLOCK TABLES;

--
-- Table structure for table `history`
--

DROP TABLE IF EXISTS `history`;
/*!40101 SET @saved_cs_client     = @@character_set_client */;
/*!50503 SET character_set_client = utf8mb4 */;
CREATE TABLE `history` (
  `history_id` int unsigned NOT NULL AUTO_INCREMENT,
  `create_date` datetime NOT NULL,
  `update_date` datetime NOT NULL,
  `date` timestamp NULL DEFAULT CURRENT_TIMESTAMP,
  `field` decimal(11,7) DEFAULT NULL,
  `location` decimal(10,7) DEFAULT NULL,
  `style_url` varchar(2000) DEFAULT NULL,
  `subject` varchar(255) DEFAULT NULL,
  `temperature_high` int DEFAULT NULL,
  `temperature_low` int DEFAULT NULL,
  `text` varchar(2000) DEFAULT NULL,
  `user_id` int DEFAULT NULL,
  `weather` varchar(10) DEFAULT NULL,
  PRIMARY KEY (`history_id`)
) ENGINE=InnoDB AUTO_INCREMENT=53 DEFAULT CHARSET=utf8mb4 COLLATE=utf8mb4_0900_ai_ci;
/*!40101 SET character_set_client = @saved_cs_client */;

--
-- Dumping data for table `history`
--

LOCK TABLES `history` WRITE;
/*!40000 ALTER TABLE `history` DISABLE KEYS */;
INSERT INTO `history` VALUES (14,'2022-02-15 23:09:54','2022-02-15 23:09:54','2022-02-01 00:00:00',0.0000000,0.0000000,'https://storage.googleapis.com/iv-blanc.appspot.com/70efcf36-37c9-49d2-b073-414a6b378643.jpg','안녕',5,-5,'안녕',4,'맑음'),(18,'2022-02-16 11:18:41','2022-02-16 19:54:09','2022-02-16 00:00:00',127.0571293,37.2439942,'https://storage.googleapis.com/iv-blanc.appspot.com/b503f9a5-cb20-41c8-a84c-b7eb72f27af5.jpg','안녕하세요',-4,-7,'안녕하세요',4,'맑음'),(25,'2022-02-16 18:00:23','2022-02-16 18:00:23','2022-02-16 00:00:00',126.9779692,37.5665350,'https://storage.googleapis.com/iv-blanc.appspot.com/d959dd9c-67ff-45d6-8272-027f8301fb08.jpg','aaaa',-4,-7,'aaaa',10,'맑음'),(27,'2022-02-16 18:02:50','2022-02-16 18:02:50','2022-02-15 00:00:00',NULL,NULL,'https://storage.googleapis.com/iv-blanc.appspot.com/67ad96c2-b653-4e3d-92ae-2be61eb75e03.png','JJ',0,0,'HJHJH',28,NULL),(28,'2022-02-16 18:42:38','2022-02-16 18:42:38','2022-02-16 00:00:00',126.9779692,37.5665350,'https://storage.googleapis.com/iv-blanc.appspot.com/d959dd9c-67ff-45d6-8272-027f8301fb08.jpg','asdfasdf',-4,-7,'asdgasdgsd',10,'맑음'),(29,'2022-02-16 22:21:48','2022-02-16 22:25:09','2022-02-15 00:00:00',126.9779692,37.5665350,'https://storage.googleapis.com/iv-blanc.appspot.com/0ce001d2-89de-4fcc-8d86-ad012e5502c9.jpg','안녕하세요',5,1,'수정합니다',31,'맑음'),(30,'2022-02-16 22:45:09','2022-02-16 22:45:09','2022-02-15 00:00:00',126.9779692,37.5665350,'https://storage.googleapis.com/iv-blanc.appspot.com/015563a0-1725-4565-9f16-1568c7124037.jpg','놀러가는날',0,0,'놀러가는날 히스토리',32,'맑음'),(32,'2022-02-17 00:19:13','2022-02-17 00:19:13','2022-02-17 00:00:00',NULL,NULL,'https://storage.googleapis.com/iv-blanc.appspot.com/8954798d-61b4-4a30-bd65-27a41fd07091.png','test',0,0,'test',1,NULL),(33,'2022-02-17 11:12:03','2022-02-17 11:12:03','2022-02-08 00:00:00',127.0286009,37.2635727,'https://storage.googleapis.com/iv-blanc.appspot.com/c0ca71c8-4258-47a7-a4e0-fdbc347e12f8.jpg','hello',-2,-7,'nice day',31,'맑음'),(34,'2022-02-17 14:24:17','2022-02-17 14:27:04','2022-02-10 00:00:00',128.3640104,36.1082921,'https://storage.googleapis.com/iv-blanc.appspot.com/eabb41ba-d1b9-41f1-8a67-60c631579abc.jpg','오늘의 히스토리',-2,-7,'신난다',32,'맑음'),(35,'2022-02-17 14:25:04','2022-02-17 14:25:04','2022-02-09 00:00:00',128.3445734,36.1194850,'https://storage.googleapis.com/iv-blanc.appspot.com/3da33363-8411-4f68-acd7-36203ce4e3cc.jpg','구미구미',-2,-7,'구미구미',32,'맑음'),(36,'2022-02-17 14:31:36','2022-02-17 14:31:36','2022-02-08 00:00:00',128.6014450,35.8714354,'https://storage.googleapis.com/iv-blanc.appspot.com/3da33363-8411-4f68-acd7-36203ce4e3cc.jpg','대구대구',-2,-7,'대구대구',32,'맑음'),(40,'2022-02-17 15:38:24','2022-02-17 15:38:24','2022-02-03 00:00:00',127.3845475,36.3504119,'https://storage.googleapis.com/iv-blanc.appspot.com/63c9e99f-0117-449f-9588-c229676e092d.jpg','hello',-2,-7,'good day for coding',32,'맑음'),(42,'2022-02-17 18:45:26','2022-02-17 18:45:26','2022-02-18 00:00:00',NULL,NULL,'https://storage.googleapis.com/iv-blanc.appspot.com/c721e634-82e0-4958-aa6d-ffefe9208074.png','드디어 기순이 보는 날',0,0,'기분이 안좋아보였다..',30,NULL),(43,'2022-02-17 18:46:12','2022-02-17 18:46:12','2022-02-25 00:00:00',NULL,NULL,'https://storage.googleapis.com/iv-blanc.appspot.com/a84338ba-dbb6-4531-a05b-51d51349b01c.png','기순이 보는 두번째 날~~',0,0,'이번에도 기분이 안좋네..',30,NULL),(44,'2022-02-17 18:48:33','2022-02-17 18:48:33','2022-03-04 00:00:00',NULL,NULL,'https://storage.googleapis.com/iv-blanc.appspot.com/69a55240-647d-487b-a6c5-5b0e606dabd3.png','기순이 보는 세번째 날~~',0,0,'옷이 문제인건가...',30,NULL),(45,'2022-02-17 18:50:44','2022-02-17 18:50:44','2022-03-11 00:00:00',NULL,NULL,'https://storage.googleapis.com/iv-blanc.appspot.com/3322725c-e276-4617-b768-ab290a336d7e.png','기순이가 추천해준대로 입은 날',0,0,'입을랑 좋넹ㅎㅎ',30,NULL),(52,'2022-02-17 23:45:35','2022-02-17 23:45:35','2022-02-17 00:00:00',NULL,NULL,'https://storage.googleapis.com/iv-blanc.appspot.com/5536a183-7713-4421-abb6-4bbc4b9bb8ea.png','ㅁㅎ',0,0,'ㅁㄴㅇㄹ',5,NULL);
/*!40000 ALTER TABLE `history` ENABLE KEYS */;
UNLOCK TABLES;

--
-- Table structure for table `photo`
--

DROP TABLE IF EXISTS `photo`;
/*!40101 SET @saved_cs_client     = @@character_set_client */;
/*!50503 SET character_set_client = utf8mb4 */;
CREATE TABLE `photo` (
  `photo_id` int unsigned NOT NULL AUTO_INCREMENT,
  `create_date` datetime NOT NULL,
  `update_date` datetime NOT NULL,
  `url` varchar(2000) DEFAULT 'None',
  `history_id` int unsigned DEFAULT NULL,
  PRIMARY KEY (`photo_id`),
  KEY `FK9elrmj6pndhplcckxjnas2guq` (`history_id`),
  CONSTRAINT `FK9elrmj6pndhplcckxjnas2guq` FOREIGN KEY (`history_id`) REFERENCES `history` (`history_id`)
) ENGINE=InnoDB AUTO_INCREMENT=71 DEFAULT CHARSET=utf8mb4 COLLATE=utf8mb4_0900_ai_ci;
/*!40101 SET character_set_client = @saved_cs_client */;

--
-- Dumping data for table `photo`
--

LOCK TABLES `photo` WRITE;
/*!40000 ALTER TABLE `photo` DISABLE KEYS */;
INSERT INTO `photo` VALUES (22,'2022-02-16 00:39:27','2022-02-16 01:16:43','https://storage.googleapis.com/iv-blanc.appspot.com/a36359fc-1cc2-4781-951a-43dc553c8f21.webp',14),(23,'2022-02-16 00:39:27','2022-02-16 00:39:27','https://storage.googleapis.com/iv-blanc.appspot.com/f4dded93-c1cb-41a6-a935-73ad993bf77c.jpg',14),(24,'2022-02-16 00:39:27','2022-02-16 00:39:27','https://storage.googleapis.com/iv-blanc.appspot.com/2d650324-def4-4af3-99fe-e949960927e2.jpg',14),(35,'2022-02-16 18:02:50','2022-02-16 18:02:50','https://storage.googleapis.com/iv-blanc.appspot.com/ea3f9518-04ef-420c-a8d2-6f25ee0ab9fc.png',27),(36,'2022-02-16 18:43:06','2022-02-16 18:43:06','https://storage.googleapis.com/iv-blanc.appspot.com/b135d134-b866-4d3e-9d51-751d4457d495.jpg',28),(40,'2022-02-16 22:45:26','2022-02-16 22:45:26','https://storage.googleapis.com/iv-blanc.appspot.com/e8cf632d-e5c8-435b-93e4-37a47b5c8c05.jpg',30),(41,'2022-02-16 22:45:31','2022-02-16 22:45:31','https://storage.googleapis.com/iv-blanc.appspot.com/cd1c8cd4-f8ee-4a26-becd-ac29f1910960.jpg',30),(42,'2022-02-16 22:51:11','2022-02-16 22:51:11','https://storage.googleapis.com/iv-blanc.appspot.com/38d685f3-d6af-4ab3-9104-bc6bd60905c9.jpg',29),(43,'2022-02-16 22:51:11','2022-02-16 22:51:11','https://storage.googleapis.com/iv-blanc.appspot.com/33fa91c8-527c-44f5-880d-f40193b5f594.jpg',29),(45,'2022-02-17 00:19:13','2022-02-17 00:19:13','https://storage.googleapis.com/iv-blanc.appspot.com/6c7793ee-0db1-44f7-ba86-60cc7bb3c296.jpg',32),(46,'2022-02-17 14:26:26','2022-02-17 14:26:26','https://storage.googleapis.com/iv-blanc.appspot.com/87e93d9c-d653-45c6-8e2b-10d3eebc1d0b.jpg',34),(47,'2022-02-17 14:38:10','2022-02-17 14:38:10','https://storage.googleapis.com/iv-blanc.appspot.com/fd744bfd-ad75-4300-acda-860fb86ea74e.jpg',37),(48,'2022-02-17 14:46:10','2022-02-17 14:46:10','https://storage.googleapis.com/iv-blanc.appspot.com/04bf6b24-f81e-44a1-90ae-97306f00739c.jpg',36),(49,'2022-02-17 14:46:19','2022-02-17 14:46:19','https://storage.googleapis.com/iv-blanc.appspot.com/11e85744-ec39-4b63-8038-95f6cddec27c.jpg',35),(53,'2022-02-17 15:40:04','2022-02-17 15:40:04','https://storage.googleapis.com/iv-blanc.appspot.com/b45fe946-72c0-45b0-97ee-06b94cf76b45.jpeg',40),(55,'2022-02-17 18:45:26','2022-02-17 18:45:26','https://storage.googleapis.com/iv-blanc.appspot.com/25418ddf-f8be-4aba-a96d-5b0e5043bc30.jpg',42),(56,'2022-02-17 18:46:12','2022-02-17 18:46:12','https://storage.googleapis.com/iv-blanc.appspot.com/e1ccbb30-4b82-4baf-a446-225019ce5c0d.jpg',43),(57,'2022-02-17 18:48:33','2022-02-17 18:48:33','https://storage.googleapis.com/iv-blanc.appspot.com/828e67a7-3dad-4495-9de6-ca8b251f332b.jpg',44),(58,'2022-02-17 18:50:44','2022-02-17 18:50:44','https://storage.googleapis.com/iv-blanc.appspot.com/a7ff7b62-59f5-4316-b2d4-ec6c58b3f2e0.png',45),(70,'2022-02-17 23:45:35','2022-02-17 23:45:35','https://storage.googleapis.com/iv-blanc.appspot.com/a9d4a9b6-958b-4855-aed1-a18157706a82.jpg',52);
/*!40000 ALTER TABLE `photo` ENABLE KEYS */;
UNLOCK TABLES;

--
-- Table structure for table `style`
--

DROP TABLE IF EXISTS `style`;
/*!40101 SET @saved_cs_client     = @@character_set_client */;
/*!50503 SET character_set_client = utf8mb4 */;
CREATE TABLE `style` (
  `style_id` int unsigned NOT NULL AUTO_INCREMENT,
  `create_date` datetime NOT NULL,
  `update_date` datetime NOT NULL,
  `favorite` int NOT NULL DEFAULT '0',
  `madeby` varchar(20) DEFAULT NULL,
  `photo_name` varchar(2000) DEFAULT 'None',
  `url` varchar(2000) DEFAULT 'None',
  `user_id` int DEFAULT NULL,
  PRIMARY KEY (`style_id`)
) ENGINE=InnoDB AUTO_INCREMENT=96 DEFAULT CHARSET=utf8mb4 COLLATE=utf8mb4_0900_ai_ci;
/*!40101 SET character_set_client = @saved_cs_client */;

--
-- Dumping data for table `style`
--

LOCK TABLES `style` WRITE;
/*!40000 ALTER TABLE `style` DISABLE KEYS */;
INSERT INTO `style` VALUES (3,'2022-02-09 09:52:15','2022-02-09 09:52:15',0,'b@a.com',NULL,'https://storage.googleapis.com/iv-blanc.appspot.com/a03811f4-21ae-44d4-9316-b747a2f610b7.png',1),(8,'2022-02-09 22:35:08','2022-02-09 22:35:08',0,'b@a.com',NULL,'https://storage.googleapis.com/iv-blanc.appspot.com/5b80f9f8-94ce-4ed7-9b3b-60a6235c4c76.png',1),(9,'2022-02-09 22:36:37','2022-02-09 22:36:37',0,'b@a.com',NULL,'https://storage.googleapis.com/iv-blanc.appspot.com/ad28d1aa-dc5c-4159-8786-fa57ebb4a1eb.png',1),(23,'2022-02-11 14:36:26','2022-02-11 14:36:26',0,'a@a.com',NULL,'https://storage.googleapis.com/iv-blanc.appspot.com/fb86d3cb-85b0-48eb-bb94-7bca4ed7e524.png',1),(24,'2022-02-11 14:37:04','2022-02-11 14:37:04',0,'aaa@a.com',NULL,'https://storage.googleapis.com/iv-blanc.appspot.com/1cd6ed34-b3ae-4276-b5bb-5687e772bceb.jpg',3),(25,'2022-02-11 14:45:04','2022-02-11 14:45:04',0,'b@a.com',NULL,'https://storage.googleapis.com/iv-blanc.appspot.com/bb19da4d-a54c-4c9a-b99f-d6729514d227.png',3),(26,'2022-02-11 14:45:04','2022-02-11 14:45:04',0,'b@a.com',NULL,'https://storage.googleapis.com/iv-blanc.appspot.com/7a6b0e0b-14d6-4b62-85ea-96fa4e601f82.png',3),(27,'2022-02-11 14:51:26','2022-02-11 14:51:26',0,'b@a.com',NULL,'https://storage.googleapis.com/iv-blanc.appspot.com/eed2ab5f-95a8-4ad9-bc98-389fcadbe15e.png',3),(28,'2022-02-11 14:57:10','2022-02-11 14:57:10',0,'b@a.com',NULL,'https://storage.googleapis.com/iv-blanc.appspot.com/38eab3ce-60ef-42c5-a941-99af9d482b69.png',1),(29,'2022-02-11 16:04:22','2022-02-11 16:04:22',0,'b@a.com',NULL,'https://storage.googleapis.com/iv-blanc.appspot.com/2b04fd50-d293-47c3-b24f-d43d063af558.png',3),(30,'2022-02-11 16:04:38','2022-02-11 16:04:38',0,'b@a.com',NULL,'https://storage.googleapis.com/iv-blanc.appspot.com/852db781-ca6e-484e-bf0b-e1f74c2a98a3.png',3),(31,'2022-02-11 16:17:18','2022-02-11 16:17:18',0,'b@a.com',NULL,'https://storage.googleapis.com/iv-blanc.appspot.com/0e70d763-3267-4c08-8b37-df57995cf787.png',3),(32,'2022-02-11 17:10:57','2022-02-11 17:10:57',0,'b@a.com',NULL,'https://storage.googleapis.com/iv-blanc.appspot.com/ada40435-02ea-4042-b01f-dd4ad66b5d06.png',1),(33,'2022-02-11 17:55:26','2022-02-11 17:55:26',0,'b@a.com',NULL,'https://storage.googleapis.com/iv-blanc.appspot.com/5e99fb40-bc4f-44a3-a1b9-7263c66f416c.png',1),(34,'2022-02-11 18:31:52','2022-02-11 18:31:52',0,'b@a.com',NULL,'https://storage.googleapis.com/iv-blanc.appspot.com/1c02ffbe-8d3a-4f20-96ed-2c860bf2097a.png',1),(49,'2022-02-11 23:42:36','2022-02-11 23:42:36',0,'b@a.com',NULL,'https://storage.googleapis.com/iv-blanc.appspot.com/986a986e-4313-493c-9a31-edec9843eaac.png',1),(52,'2022-02-14 01:36:08','2022-02-14 01:36:08',0,'b',NULL,'https://storage.googleapis.com/iv-blanc.appspot.com/f4f7e63f-1fbb-43bc-bd37-d6799f306de5.png',1),(53,'2022-02-14 01:39:51','2022-02-14 01:39:51',0,'방기순',NULL,'https://storage.googleapis.com/iv-blanc.appspot.com/cd2eeac9-412b-4725-9249-692be81803db.png',1),(57,'2022-02-15 14:00:12','2022-02-15 14:00:12',0,'친구 바이',NULL,'https://storage.googleapis.com/iv-blanc.appspot.com/ffd0d7a9-2775-48f7-bad1-6cde2bb8dad1.png',17),(63,'2022-02-16 10:52:06','2022-02-16 10:52:06',0,'방기순',NULL,'https://storage.googleapis.com/iv-blanc.appspot.com/f2bc728d-3d5e-4395-b97b-2039d5219797.png',1),(65,'2022-02-16 13:59:17','2022-02-16 13:59:17',0,'친구 방기순',NULL,'https://storage.googleapis.com/iv-blanc.appspot.com/c28d18b6-9083-4917-820c-72f9322a0f35.png',3),(66,'2022-02-16 17:16:59','2022-02-16 17:16:59',0,'이이이이이이',NULL,'https://storage.googleapis.com/iv-blanc.appspot.com/67ad96c2-b653-4e3d-92ae-2be61eb75e03.png',28),(67,'2022-02-16 17:19:57','2022-02-16 17:19:57',0,'친구 하하',NULL,'https://storage.googleapis.com/iv-blanc.appspot.com/02cabe8c-bedc-42ce-897b-abaf6008713c.png',28),(68,'2022-02-16 08:35:22','2022-02-16 08:35:22',0,'dkdkdk',NULL,'https://storage.googleapis.com/iv-blanc.appspot.com/8182b9bd-4db4-4334-975e-b94fdca5c6bd.png',10),(69,'2022-02-16 08:48:25','2022-02-16 08:48:25',0,'친구 이이이이이이',NULL,'https://storage.googleapis.com/iv-blanc.appspot.com/d9bcdcb0-686f-4a31-94c5-f4d107d3628f.png',10),(70,'2022-02-16 08:52:36','2022-02-16 08:52:36',0,'장싸피',NULL,'https://storage.googleapis.com/iv-blanc.appspot.com/a84338ba-dbb6-4531-a05b-51d51349b01c.png',30),(71,'2022-02-16 08:53:26','2022-02-16 08:53:26',0,'장싸피',NULL,'https://storage.googleapis.com/iv-blanc.appspot.com/3322725c-e276-4617-b768-ab290a336d7e.png',30),(72,'2022-02-16 17:54:11','2022-02-16 17:54:11',0,'장싸피',NULL,'https://storage.googleapis.com/iv-blanc.appspot.com/752cb29e-e14a-47d8-8fd2-d6c3a5555066.png',30),(73,'2022-02-16 17:57:54','2022-02-16 17:57:54',0,'dkdkdk',NULL,'https://storage.googleapis.com/iv-blanc.appspot.com/d959dd9c-67ff-45d6-8272-027f8301fb08.jpg',10),(74,'2022-02-16 18:36:00','2022-02-16 18:36:00',0,'방기순',NULL,'https://storage.googleapis.com/iv-blanc.appspot.com/8954798d-61b4-4a30-bd65-27a41fd07091.png',1),(75,'2022-02-16 18:40:51','2022-02-16 18:40:51',0,'친구 dkdkdk',NULL,'https://storage.googleapis.com/iv-blanc.appspot.com/f31acad1-ae85-4c98-9853-4a604b5d5dae.jpg',3),(76,'2022-02-16 18:45:54','2022-02-16 18:45:54',0,'친구 dkdkdk',NULL,'https://storage.googleapis.com/iv-blanc.appspot.com/e89c623e-2a19-409d-88c3-3463559e64b9.jpg',3),(77,'2022-02-16 19:40:51','2022-02-16 19:40:51',0,'카카오',NULL,'https://storage.googleapis.com/iv-blanc.appspot.com/6f97b49c-435b-4daa-97b8-aba68ba0c516.jpg',4),(78,'2022-02-16 21:55:54','2022-02-16 21:55:54',0,'친구 김민수',NULL,'https://storage.googleapis.com/iv-blanc.appspot.com/3da33363-8411-4f68-acd7-36203ce4e3cc.jpg',32),(80,'2022-02-16 22:17:31','2022-02-16 22:17:31',0,'김민수',NULL,'https://storage.googleapis.com/iv-blanc.appspot.com/c0ca71c8-4258-47a7-a4e0-fdbc347e12f8.jpg',31),(81,'2022-02-16 22:18:08','2022-02-16 22:18:08',0,'김민수',NULL,'https://storage.googleapis.com/iv-blanc.appspot.com/0ce001d2-89de-4fcc-8d86-ad012e5502c9.jpg',31),(83,'2022-02-16 22:53:36','2022-02-16 22:53:36',0,'카카오',NULL,'https://storage.googleapis.com/iv-blanc.appspot.com/5536a183-7713-4421-abb6-4bbc4b9bb8ea.png',5),(84,'2022-02-16 23:45:23','2022-02-16 23:48:45',0,'이수형',NULL,'https://storage.googleapis.com/iv-blanc.appspot.com/b70ad3f1-ea04-4a69-a081-449eaada7a68.jpg',32),(85,'2022-02-16 23:47:02','2022-02-16 23:47:02',0,'이수형',NULL,'https://storage.googleapis.com/iv-blanc.appspot.com/63c9e99f-0117-449f-9588-c229676e092d.jpg',32),(86,'2022-02-16 23:47:46','2022-02-16 23:47:46',0,'이수형',NULL,'https://storage.googleapis.com/iv-blanc.appspot.com/eabb41ba-d1b9-41f1-8a67-60c631579abc.jpg',32),(87,'2022-02-17 11:26:01','2022-02-17 11:26:01',0,'친구 김민수',NULL,'https://storage.googleapis.com/iv-blanc.appspot.com/a5e0fd2a-6f0b-47e5-a731-cbe26c64cde4.jpg',32),(89,'2022-02-17 18:43:16','2022-02-17 18:43:16',0,'장싸피',NULL,'https://storage.googleapis.com/iv-blanc.appspot.com/c721e634-82e0-4958-aa6d-ffefe9208074.png',30),(90,'2022-02-17 18:47:28','2022-02-17 18:47:28',0,'장싸피',NULL,'https://storage.googleapis.com/iv-blanc.appspot.com/69a55240-647d-487b-a6c5-5b0e606dabd3.png',30),(91,'2022-02-17 19:44:23','2022-02-17 19:44:23',0,'이수형',NULL,'https://storage.googleapis.com/iv-blanc.appspot.com/e8152f74-ebb7-4e23-9e83-5cbb925a3a44.png',32),(92,'2022-02-17 19:55:31','2022-02-17 19:55:31',0,'친구 김민수',NULL,'https://storage.googleapis.com/iv-blanc.appspot.com/85a969f6-89a9-4817-bf40-537b814c68a4.jpg',32),(93,'2022-02-17 20:19:56','2022-02-17 20:19:56',0,'이수형',NULL,'https://storage.googleapis.com/iv-blanc.appspot.com/5fbfbecb-66d7-406f-b9ff-0ac8d465179a.png',32),(95,'2022-02-17 20:23:26','2022-02-17 20:23:26',0,'친구 김민수',NULL,'https://storage.googleapis.com/iv-blanc.appspot.com/4d28da3a-74ad-46ea-961b-dcd5a4c69bbc.jpg',32);
/*!40000 ALTER TABLE `style` ENABLE KEYS */;
UNLOCK TABLES;

--
-- Table structure for table `style_detail`
--

DROP TABLE IF EXISTS `style_detail`;
/*!40101 SET @saved_cs_client     = @@character_set_client */;
/*!50503 SET character_set_client = utf8mb4 */;
CREATE TABLE `style_detail` (
  `sd_id` int unsigned NOT NULL,
  `clothes_id` int unsigned DEFAULT NULL,
  `style_id` int unsigned DEFAULT NULL,
  PRIMARY KEY (`sd_id`),
  KEY `FK52sf644grnck1f0eb5lh4mo62` (`clothes_id`),
  KEY `FKctptgbf9fivmj8bbi0ahdud19` (`style_id`),
  CONSTRAINT `FK52sf644grnck1f0eb5lh4mo62` FOREIGN KEY (`clothes_id`) REFERENCES `clothes` (`clothes_id`),
  CONSTRAINT `FKctptgbf9fivmj8bbi0ahdud19` FOREIGN KEY (`style_id`) REFERENCES `style` (`style_id`)
) ENGINE=InnoDB DEFAULT CHARSET=utf8mb4 COLLATE=utf8mb4_0900_ai_ci;
/*!40101 SET character_set_client = @saved_cs_client */;

--
-- Dumping data for table `style_detail`
--

LOCK TABLES `style_detail` WRITE;
/*!40000 ALTER TABLE `style_detail` DISABLE KEYS */;
INSERT INTO `style_detail` VALUES (3,73,3),(4,62,3),(13,104,8),(14,103,8),(15,106,8),(16,111,8),(17,104,8),(18,108,8),(19,109,8),(20,104,9),(21,108,9),(22,112,9),(23,106,9),(24,104,9),(25,103,9),(26,112,9),(46,73,23),(47,104,23),(48,62,23),(49,121,24),(50,123,24),(51,124,24),(52,122,24),(53,121,25),(54,121,26),(55,125,25),(56,125,26),(57,123,25),(58,123,26),(59,122,25),(60,122,26),(61,124,25),(62,124,26),(63,122,27),(64,125,27),(65,120,27),(66,104,28),(67,106,28),(68,108,28),(69,109,28),(70,121,29),(71,125,29),(72,123,29),(73,122,29),(74,124,29),(75,121,30),(76,125,30),(77,123,30),(78,122,30),(79,124,30),(80,122,31),(81,124,31),(82,125,31),(83,62,32),(85,118,33),(86,110,33),(87,103,33),(88,106,33),(89,112,33),(90,73,34),(91,131,34),(92,119,34),(93,108,34),(195,73,49),(196,103,49),(197,134,49),(212,118,52),(213,110,52),(214,108,52),(215,104,53),(216,62,53),(217,131,53),(229,143,57),(239,104,63),(240,103,63),(241,131,63),(242,112,63),(246,121,65),(247,122,65),(248,124,65),(249,174,66),(250,175,66),(251,175,67),(252,174,67),(253,176,68),(254,176,69),(255,181,70),(256,182,70),(257,185,70),(258,180,70),(259,181,71),(260,182,71),(261,185,71),(262,180,71),(263,183,71),(264,184,71),(265,178,71),(266,177,71),(267,182,71),(268,181,71),(269,181,72),(270,182,72),(271,185,72),(272,180,72),(273,183,72),(274,184,72),(275,178,72),(276,177,72),(277,182,72),(278,181,72),(279,186,72),(280,185,72),(281,182,72),(282,183,72),(283,184,72),(284,183,72),(285,184,72),(286,186,72),(287,182,72),(288,176,73),(289,172,74),(290,168,74),(291,103,74),(292,112,74),(293,131,74),(294,120,75),(295,121,75),(296,124,75),(297,123,75),(298,121,76),(299,125,76),(300,97,77),(301,98,77),(302,190,78),(303,192,78),(306,197,80),(307,198,80),(308,199,80),(309,202,81),(310,200,81),(317,139,83),(322,221,85),(323,219,85),(324,190,85),(325,217,85),(326,189,86),(327,192,86),(328,220,86),(329,224,86),(330,221,86),(331,219,84),(332,213,84),(333,220,84),(334,224,84),(335,192,84),(336,215,87),(337,194,87),(344,181,89),(345,185,89),(346,238,89),(347,182,89),(348,179,90),(349,181,90),(350,182,90),(351,185,90),(352,189,91),(353,192,91),(354,219,91),(355,221,91),(356,224,91),(357,215,92),(358,217,92),(359,189,93),(360,192,93),(364,190,95),(365,194,95);
/*!40000 ALTER TABLE `style_detail` ENABLE KEYS */;
UNLOCK TABLES;

--
-- Table structure for table `user`
--

DROP TABLE IF EXISTS `user`;
/*!40101 SET @saved_cs_client     = @@character_set_client */;
/*!50503 SET character_set_client = utf8mb4 */;
CREATE TABLE `user` (
  `user_id` int NOT NULL AUTO_INCREMENT,
  `age` int NOT NULL DEFAULT '0',
  `email` varchar(120) NOT NULL,
  `gender` int NOT NULL DEFAULT '0',
  `name` varchar(32) NOT NULL,
  `password` varchar(255) NOT NULL,
  `phone` varchar(32) NOT NULL,
  `provider` varchar(100) DEFAULT NULL,
  `social` int NOT NULL DEFAULT '0',
  `token_fcm` varchar(255) DEFAULT NULL,
  `token_jwt` varchar(255) DEFAULT NULL,
  PRIMARY KEY (`user_id`),
  UNIQUE KEY `UK_ob8kqyqqgmefl0aco34akdtpe` (`email`)
) ENGINE=InnoDB AUTO_INCREMENT=38 DEFAULT CHARSET=utf8mb4 COLLATE=utf8mb4_0900_ai_ci;
/*!40101 SET character_set_client = @saved_cs_client */;

--
-- Dumping data for table `user`
--

LOCK TABLES `user` WRITE;
/*!40000 ALTER TABLE `user` DISABLE KEYS */;
INSERT INTO `user` VALUES (1,26,'b@a.com',1,'방기순','$2a$10$4cubnTpIzSDxakafHGUcpOIyGchpVdG8/yPEQfFmUsAZtC5soPz8e','01012345678',NULL,1,'caidAWXqQiuqKIchc9OA40:APA91bEdGkpoBSUL322nBdYuewwR_d36TWS8oXG_DHwtGY-j5paHQJxo4mNlTW82kptuz2GZfMv4ZDthnIxJlxv1BJWCEl1iwrneWzuJA98dKZEJYfbAQd9eYzIh_nV4aB-y3jLUd6B6','eyJhbGciOiJIUzI1NiJ9.eyJzdWIiOiIxIiwicm9sZXMiOlsiUk9MRV9VU0VSIl0sInVzZXJQayI6IjEiLCJpYXQiOjE2NDQyMTkzMjAsImV4cCI6MTY0NjgxMTMyMH0.bWpbyfWZpxjxtYKjIXIbUPdN2Ps4v_BHrLwl15qKviA'),(2,23,'abc@naver.com',1,'김싸피','$2a$10$5o9pFSN4Tt9/smdwsS1BcOJIQ0dUdyH2khyNWGHr3a5IEe0GYLR/a','01012345678',NULL,1,NULL,'eyJhbGciOiJIUzI1NiJ9.eyJzdWIiOiIyIiwicm9sZXMiOlsiUk9MRV9VU0VSIl0sInVzZXJQayI6IjIiLCJpYXQiOjE2NDM5NDEwMzcsImV4cCI6MTY0NjUzMzAzN30.WQSmoTarJnsbeOfJxGhML2cWlcegW1_I4R0agT-ZSpY'),(3,26,'a@a.com',1,'a','$2a$10$cd.JmAMAPVqUJvTnb.LUu.OFtuU8H9/5XyP7R1LTbCJJIE56RhJ9i','01012345678',NULL,1,'caidAWXqQiuqKIchc9OA40:APA91bEdGkpoBSUL322nBdYuewwR_d36TWS8oXG_DHwtGY-j5paHQJxo4mNlTW82kptuz2GZfMv4ZDthnIxJlxv1BJWCEl1iwrneWzuJA98dKZEJYfbAQd9eYzIh_nV4aB-y3jLUd6B6','eyJhbGciOiJIUzI1NiJ9.eyJzdWIiOiIzIiwicm9sZXMiOlsiUk9MRV9VU0VSIl0sInVzZXJQayI6IjMiLCJpYXQiOjE2NDQyMTkyMTIsImV4cCI6MTY0NjgxMTIxMn0.LIgxlEu_YlTPwdiJj80l5dU33g-1zNB-xjrVmbQG2Mo'),(4,26,'test@a.com',1,'카카오','$2a$10$54v9nIphqxOvTdnUtRKmouMvtg.TcgzCP9e7iYU4YI..kaZM0cQbO','01012345678',NULL,1,'cWZ0d7VqQlCL4c5Ct7_mU_:APA91bHwx09ftDV9puWK29CPu8F40qnsiJa2thz3p5ecRRymxEGUBCXYd_vU38GzYF2OBAFgBBAjlu2lKYOJrtdRhCfkd-IYUUyeYEB64McfWwnR7SsbeKG4aRgI0EwwWE0AdzW2znGj','eyJhbGciOiJIUzI1NiJ9.eyJzdWIiOiI0Iiwicm9sZXMiOlsiUk9MRV9VU0VSIl0sInVzZXJQayI6IjQiLCJpYXQiOjE2NDUxMDg5MzMsImV4cCI6MTY0NzcwMDkzM30.nJPRVZyg0yxPXJL5ujHz23YCmadVhSJy8fZBM5AtlIk'),(5,26,'ba@a.com',1,'카카오','$2a$10$wEgueV3PpvH3wcvlI.6wluS8p.bqdcjLbaoON2UIHvih/z7vaCG06','01012345678',NULL,0,'string','eyJhbGciOiJIUzI1NiJ9.eyJzdWIiOiI1Iiwicm9sZXMiOlsiUk9MRV9VU0VSIl0sInVzZXJQayI6IjUiLCJpYXQiOjE2NDM4NjkyOTIsImV4cCI6MTY0NjQ2MTI5Mn0.AQuv4CNRHv3rtPo9ts2nIwKx2EIfseGpEY-rrRqJnIs'),(6,45,'aaa@bbb.com',1,'김나박이','$2a$10$zLOImBtuF5DnZERk1TnPI.CvYenyKGFf0i.DbrQvukHsWzPqen/SW','01023568956',NULL,1,NULL,NULL),(7,26,'su@a.com',1,'suza','$2a$10$dqTdeOSnOx5SMn2STsDPy.7PjFmBykAuG/bv7QIpMZc4ZjXFoaCpi','01012345678',NULL,0,'string','eyJhbGciOiJIUzI1NiJ9.eyJzdWIiOiI3Iiwicm9sZXMiOlsiUk9MRV9VU0VSIl0sInVzZXJQayI6IjciLCJpYXQiOjE2NDM5Njc1NjksImV4cCI6MTY0NjU1OTU2OX0.V8rUl672MUw75Ll5Zm-LXcTZml7zLfbPh7rpPCHvVAI'),(8,26,'ssu@a.com',1,'suza','$2a$10$Tc4gXTJc.vFvwiJe2kriq.AyEuAXDaHsno2wrmh4wKbsHj9hnJ.5y','01012345678',NULL,1,'eRG8-t79Rm-_-eoHGSyJOz:APA91bE-0VTrJ5mjUoaBwRYjMIv6fMVVIsoVx9-fQN8t1X_SXd5CIuIutJsa0F-k9A1aiOqclEnhDdKOTLLdiOFU1uL_DqYyHa2BWdY7Igwbm_iYAVz9mumLBCLNFQUrd_-FbmY0tejN','eyJhbGciOiJIUzI1NiJ9.eyJzdWIiOiI4Iiwicm9sZXMiOlsiUk9MRV9VU0VSIl0sInVzZXJQayI6IjgiLCJpYXQiOjE2NDQ5OTcwMjMsImV4cCI6MTY0NzU4OTAyM30.BClgqyPQvjE2Y8QnUMGfKuPCVaFza5xclUc9MAawHQo'),(9,26,'aaaa@a.com',1,'카카오','$2a$10$Qu66fDuVCWn7KCqwLT4oHe3UbDcNq/ejaKi3BQ4KjnEWFIvU3trZ.','01012345678',NULL,1,'fC0dlsZ9SmWJenRIx7uPbt:APA91bFfjSk5vlBv1KTktn947jNDGJGrflGCkeNQb9dUeXV5AkSFNFP4EC88wfCaFbVUi7vGE2XgtN6q9kLn3Qg7ekt_hB2tE4Upv8e9LIycVxXchSTG-2Lx305V9OUH0UDyvIBv5Q2x','eyJhbGciOiJIUzI1NiJ9.eyJzdWIiOiI5Iiwicm9sZXMiOlsiUk9MRV9VU0VSIl0sInVzZXJQayI6IjkiLCJpYXQiOjE2NDQ0NzUwMzksImV4cCI6MTY0NzA2NzAzOX0.nV5Xj9I019kba3BwZ1ij7EKUn-MQcYa_Af_RkYSaSmw'),(10,26,'aaa@a.com',1,'dkdkdk','$2a$10$E.0loja0lqQ4pcwdVSBkP.RC3jsHMixTAv8P1UUB5EaCbCweu70/G','01012345678',NULL,1,'evHOt-2YQwWgaHoCGtdu2M:APA91bG1c8QFddNziAuIQtTe6jMl4wJy4iFd5Yuh00CVZUIS8emGhtgAZYvGtuhGd8QGOwh2l7v7rI3TN1Xb1vD1s5AhsJ46pzsSltOaGwcjharveq3cpoW9hDBBgD4i93MhVS5IbkDg','eyJhbGciOiJIUzI1NiJ9.eyJzdWIiOiIxMCIsInJvbGVzIjpbIlJPTEVfVVNFUiJdLCJ1c2VyUGsiOiIxMCIsImlhdCI6MTY0NTA5NTI4NCwiZXhwIjoxNjQ3Njg3Mjg0fQ.BjAUS6e5A-4KdxB_r-RYwwYderLmw_RaM70h8OzCky4'),(11,34,'a@qwe.com',1,'사공싸피','$2a$10$ARVVg0xk4xsg4b8qqK.bReIib36FGTFhOl37zqz4iBZPJqqD9JmAu','01023568989',NULL,1,NULL,NULL),(12,11,'a@zxc.com',1,'제갈싸피','$2a$10$sr4BaTieCNVGEBCgUN0jf.bcW9KhQuo5/BHN3Z1lLv6GXaFh3Bd02','01012121212',NULL,0,NULL,'eyJhbGciOiJIUzI1NiJ9.eyJzdWIiOiIxMiIsInJvbGVzIjpbIlJPTEVfVVNFUiJdLCJ1c2VyUGsiOiIxMiIsImlhdCI6MTY0NDI0OTU1NCwiZXhwIjoxNjQ2ODQxNTU0fQ.W6XiEhCFSc5AmvQxAOv-2rUz0QlViaxzi6xHoufmtvk'),(13,33,'vvv@v.com',1,'asdf','$2a$10$M44S953dgLCYtKR5rLTc1uv6SNMsK3vkmm/kbpcwzY/pi.Y/J.rRi','01012345678',NULL,1,NULL,NULL),(14,34,'q@q.com',2,'김김김','$2a$10$4ij35nallVMGrZq3mxrdue0rkKBzI/ReOBXs0Ih.XxrC/uroozrgK','01012121212',NULL,0,NULL,NULL),(15,34,'p@p.com',1,'유싸피','$2a$10$68IL3grezGH08mclaOkxEuMuOQ8rxIWCu3b1KHg483s3VVjqPkrfC','01012345656',NULL,0,NULL,'eyJhbGciOiJIUzI1NiJ9.eyJzdWIiOiIxNSIsInJvbGVzIjpbIlJPTEVfVVNFUiJdLCJ1c2VyUGsiOiIxNSIsImlhdCI6MTY0NDk5NzYwMywiZXhwIjoxNjQ3NTg5NjAzfQ.f-v64t3zycANBaejfhwlvaEeahxYXy1NanLWWtaHPQw'),(16,90,'ivblanc@naver.com',1,'장영윤','$2a$10$OdjwEJ1ziDFZu5zq2KWUbuBglcslRI3SgV9J3JGz.CmpYtUXZFcxC','01000000000',NULL,0,NULL,'eyJhbGciOiJIUzI1NiJ9.eyJzdWIiOiIxNiIsInJvbGVzIjpbIlJPTEVfVVNFUiJdLCJ1c2VyUGsiOiIxNiIsImlhdCI6MTY0NDg5MDIyNywiZXhwIjoxNjQ3NDgyMjI3fQ._TJYnEbkCzRfIxCEhEyFaOvrzD0LAgR238ufvo3klm8'),(17,22,'mmm@m.com',1,'하이','$2a$10$F3h1oAH7q7Loj1O07HN5GOpRLrbComRKnUea0c88DE3mNLa8H1igC','01077775878',NULL,0,NULL,'eyJhbGciOiJIUzI1NiJ9.eyJzdWIiOiIxNyIsInJvbGVzIjpbIlJPTEVfVVNFUiJdLCJ1c2VyUGsiOiIxNyIsImlhdCI6MTY0NDkxNzI3NywiZXhwIjoxNjQ3NTA5Mjc3fQ.CpLPx2TJrqTNHlJz7a59BC-WLExp0eGm4K3OdEZt-cM'),(18,33,'dd@d.com',1,'ddd','$2a$10$xOTpLL2T16r0nb/W3wyOQe8CeF6QotjkqKut.lp7HDVJ712v2xudm','01012345678',NULL,1,NULL,NULL),(19,33,'ff@f.com',1,'asdf','$2a$10$sf6ykX7yVsaB8ytW.jK3Cu89JZFNSbDokWGYj6GUydazoQCqqN0DK','01012345678',NULL,1,NULL,NULL),(20,23,'kkk@k.com',2,'바이','$2a$10$NSRxE9PYPBlN0qVYYWsX6.UF0wvDPFsJUUeBgsUyYkwa7rSyBEHxG','01033334567',NULL,0,NULL,'eyJhbGciOiJIUzI1NiJ9.eyJzdWIiOiIyMCIsInJvbGVzIjpbIlJPTEVfVVNFUiJdLCJ1c2VyUGsiOiIyMCIsImlhdCI6MTY0NDkwMTI0MCwiZXhwIjoxNjQ3NDkzMjQwfQ.1rPD5YIX6JP0fTS8GpBvnFi-bOErecr0hF_0nwN7WlQ'),(21,33,'gg@g.com',1,'ggg','$2a$10$pg.GlAb5t2ZVX0pKfrJtuOGfyCDjIV./OdW6334rwCvHzm2wwGUUy','0101234567',NULL,1,NULL,NULL),(22,12,'cc@c.com',1,'ccc','$2a$10$fKcUrf67iYPn5W3lE7kbq.dRN0YUGSY2gqcMbISEZlNMj.tlCA.LG','01023456789',NULL,1,'cgUV8rSOTWqlCdAUDsfGJb:APA91bFfbhNn7bzigIdywW8Uy5dkgg4WdU9N78JtWuQYsJxU_Mutr_94g1NSLlvfQCzGSEPbNr2nDdeKN_kcC-4xHcSF60hvRBlLMAsy8mzcMD4upEqJ5PueE9JhzcYUhm5Bn6qX0raN','eyJhbGciOiJIUzI1NiJ9.eyJzdWIiOiIyMiIsInJvbGVzIjpbIlJPTEVfVVNFUiJdLCJ1c2VyUGsiOiIyMiIsImlhdCI6MTY0NDkwNjA2OSwiZXhwIjoxNjQ3NDk4MDY5fQ.mheABTNoPZwIeJM0CZzWy0RLNNlCWElavbruDHOwO3E'),(23,12,'asd@asdf.com',1,'asdf','$2a$10$Z.S53hfVnvYHoyUlMgfLEuved.nHa9Eg5zoP/bkHExUMyCFolnI5q','01012345678',NULL,1,NULL,NULL),(24,90,'jyy6678@naver.com',1,'장영윤','$2a$10$25SyuQw1bS50lwy6QOyaO.jxs2okuM1jrV1gnpAZ0IN34IW2HH0DC','01000000000',NULL,0,NULL,'eyJhbGciOiJIUzI1NiJ9.eyJzdWIiOiIyNCIsInJvbGVzIjpbIlJPTEVfVVNFUiJdLCJ1c2VyUGsiOiIyNCIsImlhdCI6MTY0NDk5MzAwMCwiZXhwIjoxNjQ3NTg1MDAwfQ.2ePkMdcOdTvt5JkZL7hGY8IJs_7lmyn1mfduNTwhO0M'),(25,90,'j@a.com',1,'장영윤','$2a$10$dFoDoPM29uhqpQ/49pWyH.zwoO1wybSYgblA9BWoSGu0W/Mk3ohay','01000000000',NULL,0,NULL,'eyJhbGciOiJIUzI1NiJ9.eyJzdWIiOiIyNSIsInJvbGVzIjpbIlJPTEVfVVNFUiJdLCJ1c2VyUGsiOiIyNSIsImlhdCI6MTY0NDk5NjcyOSwiZXhwIjoxNjQ3NTg4NzI5fQ.XkQbJ_eMC1mSSnkHLOJgKnlZo6HfvKgPqLhJU2krQVE'),(26,24,'fff@f.com',2,'헬로','$2a$10$ON60zhQog3WibL.0VC9duuBBSC0EgOVe4Z4DhW5clQPI4CzDzU9qa','01055551234',NULL,0,NULL,'eyJhbGciOiJIUzI1NiJ9.eyJzdWIiOiIyNiIsInJvbGVzIjpbIlJPTEVfVVNFUiJdLCJ1c2VyUGsiOiIyNiIsImlhdCI6MTY0NDk5ODA1MywiZXhwIjoxNjQ3NTkwMDUzfQ.LVI7Sot0Qgdf3smo2wb9rfbyRmdL_mYHMqowho567yQ'),(27,12,'e@e.com',2,'김김김김','$2a$10$nCqJGoOy1JmLgd5FFNhCEO2BXY21RREpIPqxJsPxpFZvPMpqkYn8W','01023232323',NULL,0,NULL,'eyJhbGciOiJIUzI1NiJ9.eyJzdWIiOiIyNyIsInJvbGVzIjpbIlJPTEVfVVNFUiJdLCJ1c2VyUGsiOiIyNyIsImlhdCI6MTY0NDk5NzcwMCwiZXhwIjoxNjQ3NTg5NzAwfQ.PEo1Q8pAM_tpiB1zukgMgnl0MneP4SxrmGaTTPBnMsM'),(28,12,'w@w.com',1,'이이이이이이','$2a$10$cORSKpcjzkoKmvFET3tTsOzeBFEnCK8ex0B5vgSfhzzRpkdgWFYBO','01023235656',NULL,1,NULL,'eyJhbGciOiJIUzI1NiJ9.eyJzdWIiOiIyOCIsInJvbGVzIjpbIlJPTEVfVVNFUiJdLCJ1c2VyUGsiOiIyOCIsImlhdCI6MTY0NTA4NTgxNSwiZXhwIjoxNjQ3Njc3ODE1fQ.ef-pmLECuDldpUudvE5mj4c3HYnf84bRdonQop4GUh4'),(29,23,'ddd@d.com',2,'하하','$2a$10$xGe2o1O3Fc.lime8us1A..lMbDBeZgR44tEv4H8r9Tm2UcaOEsM.2','01012342222',NULL,1,NULL,'eyJhbGciOiJIUzI1NiJ9.eyJzdWIiOiIyOSIsInJvbGVzIjpbIlJPTEVfVVNFUiJdLCJ1c2VyUGsiOiIyOSIsImlhdCI6MTY0NTAwMzc5NCwiZXhwIjoxNjQ3NTk1Nzk0fQ.t94srkszRVvaBZHzwHcH0GU0xO4XEZhvA6JR0EV1ZXs'),(30,90,'ssafytest@ssafy.com',1,'장싸피','$2a$10$gtQJKH4n4.fZfJMV5Z9ifOzkXPPD7ksTsQJXfwBQuqlMe.4pFi46a','01012345678',NULL,1,NULL,'eyJhbGciOiJIUzI1NiJ9.eyJzdWIiOiIzMCIsInJvbGVzIjpbIlJPTEVfVVNFUiJdLCJ1c2VyUGsiOiIzMCIsImlhdCI6MTY0NTA3NjM4NywiZXhwIjoxNjQ3NjY4Mzg3fQ.pCv3oObOZl4um-ZH6_FxXqXKnYDuHvo1zYJCjZEv2bo'),(31,30,'ms001118@naver.com',1,'김민수','$2a$10$OIDJpJVnJ/GHfbE7cRGkIe.yXxrJ0WNfmxxb5dZu2dKAhFFfJyG7G','01048118231',NULL,1,'cWZ0d7VqQlCL4c5Ct7_mU_:APA91bHwx09ftDV9puWK29CPu8F40qnsiJa2thz3p5ecRRymxEGUBCXYd_vU38GzYF2OBAFgBBAjlu2lKYOJrtdRhCfkd-IYUUyeYEB64McfWwnR7SsbeKG4aRgI0EwwWE0AdzW2znGj','eyJhbGciOiJIUzI1NiJ9.eyJzdWIiOiIzMSIsInJvbGVzIjpbIlJPTEVfVVNFUiJdLCJ1c2VyUGsiOiIzMSIsImlhdCI6MTY0NTEwNDExMSwiZXhwIjoxNjQ3Njk2MTExfQ.EVUi40hvAmLaiP3SIL7_0DjJixKso3Gcr_2wcw2j4VE'),(32,27,'ms001119@naver.com',1,'이수형','$2a$10$Babt5xo3juG81EPzDD2Dee1NDvZWgxCA1zvQv16P7GsQ/IAWLZcaW','01011112222',NULL,1,'f90BdVndTcGop4zNaBE0qK:APA91bHB4ZETaNFhGeNW9pv5k7B5_msUpgClBVrvWkD2ZhQ5_SGA4O9rcOHm3R3LUrxirFfXk4YQoOao61nUrd7iOr6Tof9dZ3W49PuOPVyzqvsD6qUJ1-H2dN2cXoM1pnv_LjHs7k9C','eyJhbGciOiJIUzI1NiJ9.eyJzdWIiOiIzMiIsInJvbGVzIjpbIlJPTEVfVVNFUiJdLCJ1c2VyUGsiOiIzMiIsImlhdCI6MTY0NTEwMzkyNCwiZXhwIjoxNjQ3Njk1OTI0fQ.0-b7OGObSLAH5-ZsTHm9NZbOhHfMcbtr1Hpuy1DTHaw'),(33,90,'y@y.com',1,'yy','$2a$10$XhscPVk/MUVxIDavfqsh6uybg.xpGqxJvjwpzI5FdYwcdmv6cBQnu','01000000000',NULL,1,NULL,'eyJhbGciOiJIUzI1NiJ9.eyJzdWIiOiIzMyIsInJvbGVzIjpbIlJPTEVfVVNFUiJdLCJ1c2VyUGsiOiIzMyIsImlhdCI6MTY0NTAyMTY0MywiZXhwIjoxNjQ3NjEzNjQzfQ.fpVHtJCDr9BaOCBe-uCPynICM_xf5g4kdfcEkKg7JGc'),(34,25,'ms001120@naver.com',1,'이인섭','$2a$10$dODc7EFQDPE4afGci5pAJOiYxwC85UhcCQbaK1MAJfx6JyVGGIzUW','01011112222',NULL,1,NULL,'eyJhbGciOiJIUzI1NiJ9.eyJzdWIiOiIzNCIsInJvbGVzIjpbIlJPTEVfVVNFUiJdLCJ1c2VyUGsiOiIzNCIsImlhdCI6MTY0NTA3NTc0MywiZXhwIjoxNjQ3NjY3NzQzfQ.KFaH2i6OeDS1P86TwsrtEwfj16d88CbXXHWw9aZkeuE'),(35,25,'ms001121@naver.com',1,'방기진','$2a$10$FJdG7/X/k/A3hXfT0cyrLO6LSIHt7YKb215aXs290A1z1YM92LzTy','01011112222',NULL,1,'fe3ttTYvRR-RKfHO_2SEur:APA91bF_LeF09NVZ8a8u-rWNSExRbGMTgB2dVTKDsYnYN91qpfx9CS6_0H3KyWRV3Nhwcx5RZrqPdyUJUNvUHm0i0Hw0xqtmXxPjvSVve6bibk1rfJJ3pnyo7-Zbzecyi_wGGcxEQhsh','eyJhbGciOiJIUzI1NiJ9.eyJzdWIiOiIzNSIsInJvbGVzIjpbIlJPTEVfVVNFUiJdLCJ1c2VyUGsiOiIzNSIsImlhdCI6MTY0NTA3NTcyNCwiZXhwIjoxNjQ3NjY3NzI0fQ.ICRjbX4aMg5hBTgMZDJtAtwarifwnIiIhQHevov1vPk'),(36,30,'a@a.co',2,'test','$2a$10$dWUEizxjnr4derw.DlKTw.oYlMASw24eqojkBOifVXTr6ysuBxSKm','01012345678',NULL,1,NULL,'eyJhbGciOiJIUzI1NiJ9.eyJzdWIiOiIzNiIsInJvbGVzIjpbIlJPTEVfVVNFUiJdLCJ1c2VyUGsiOiIzNiIsImlhdCI6MTY0NTA4NTMxMCwiZXhwIjoxNjQ3Njc3MzEwfQ.WcWk0QCv0LFMbXPmo2M7UoFdFWNLlIN8Cb6fJYKfPSs'),(37,27,'ssafy@ssafy.com',2,'싸피','$2a$10$uYqFm.KSmg5yZ/Uq7mSuX.uYiyny3JDJFMHIx7MrkLaUW2fEipqeW','01096757115',NULL,1,NULL,'eyJhbGciOiJIUzI1NiJ9.eyJzdWIiOiIzNyIsInJvbGVzIjpbIlJPTEVfVVNFUiJdLCJ1c2VyUGsiOiIzNyIsImlhdCI6MTY0NTEwMDc3MCwiZXhwIjoxNjQ3NjkyNzcwfQ.eJj5udPgStE2Dn7Z1ghapwUYnJ9TksYcRJUpNZfj0wM');
/*!40000 ALTER TABLE `user` ENABLE KEYS */;
UNLOCK TABLES;

--
-- Table structure for table `user_roles`
--

DROP TABLE IF EXISTS `user_roles`;
/*!40101 SET @saved_cs_client     = @@character_set_client */;
/*!50503 SET character_set_client = utf8mb4 */;
CREATE TABLE `user_roles` (
  `user_user_id` int NOT NULL,
  `roles` varchar(255) DEFAULT NULL,
  KEY `FKkv46dn3qakjvsk7ra33nd5sns` (`user_user_id`),
  CONSTRAINT `FKkv46dn3qakjvsk7ra33nd5sns` FOREIGN KEY (`user_user_id`) REFERENCES `user` (`user_id`)
) ENGINE=InnoDB DEFAULT CHARSET=utf8mb4 COLLATE=utf8mb4_0900_ai_ci;
/*!40101 SET character_set_client = @saved_cs_client */;

--
-- Dumping data for table `user_roles`
--

LOCK TABLES `user_roles` WRITE;
/*!40000 ALTER TABLE `user_roles` DISABLE KEYS */;
INSERT INTO `user_roles` VALUES (1,'ROLE_USER'),(2,'ROLE_USER'),(3,'ROLE_USER'),(4,'ROLE_USER'),(5,'ROLE_USER'),(6,'ROLE_USER'),(7,'ROLE_USER'),(8,'ROLE_USER'),(9,'ROLE_USER'),(10,'ROLE_USER'),(11,'ROLE_USER'),(12,'ROLE_USER'),(13,'ROLE_USER'),(14,'ROLE_USER'),(15,'ROLE_USER'),(16,'ROLE_USER'),(17,'ROLE_USER'),(18,'ROLE_USER'),(19,'ROLE_USER'),(20,'ROLE_USER'),(21,'ROLE_USER'),(22,'ROLE_USER'),(23,'ROLE_USER'),(24,'ROLE_USER'),(25,'ROLE_USER'),(26,'ROLE_USER'),(27,'ROLE_USER'),(28,'ROLE_USER'),(29,'ROLE_USER'),(30,'ROLE_USER'),(31,'ROLE_USER'),(32,'ROLE_USER'),(33,'ROLE_USER'),(34,'ROLE_USER'),(35,'ROLE_USER'),(36,'ROLE_USER'),(37,'ROLE_USER');
/*!40000 ALTER TABLE `user_roles` ENABLE KEYS */;
UNLOCK TABLES;
/*!40103 SET TIME_ZONE=@OLD_TIME_ZONE */;

/*!40101 SET SQL_MODE=@OLD_SQL_MODE */;
/*!40014 SET FOREIGN_KEY_CHECKS=@OLD_FOREIGN_KEY_CHECKS */;
/*!40014 SET UNIQUE_CHECKS=@OLD_UNIQUE_CHECKS */;
/*!40101 SET CHARACTER_SET_CLIENT=@OLD_CHARACTER_SET_CLIENT */;
/*!40101 SET CHARACTER_SET_RESULTS=@OLD_CHARACTER_SET_RESULTS */;
/*!40101 SET COLLATION_CONNECTION=@OLD_COLLATION_CONNECTION */;
/*!40111 SET SQL_NOTES=@OLD_SQL_NOTES */;

-- Dump completed on 2022-02-17 14:52:46
